best_rank,brand,name,concentration,gender,listings,flanker_of,note,slug
4,Tom Ford,Tom Ford Eau D’ombré Leather EDT,edt,m,1,,,tom-ford-eau-d-ombre-leather-edt
5,Mont Blanc,Mont Blanc Legend Spirit,edt,m,1,Montblanc Legend,,mont-blanc-legend-spirit-perfume-for-men-eau-de-toilette
10,Guerlain,Guerlain Absolus Allegoria Cuir Intense EDP,edp,u,1,,,guerlain-absolus-allegoria-cuir-intense-edp
12,Roberto Cavalli,Roberto Cavalli Signature Sweet Ferocious EDP,edp,f,1,Roberto Cavalli Roberto Cavalli Eau de Parfum,,roberto-cavalli-signature-sweet-ferocious-edp
13,Gucci,Gucci Guilty Pour Homme Elixir de Parfum,parfum,m,1,,,gucci-guilty-pour-homme-elixir-de-parfum
14,Chopard,Chopard Amber Malaki,edp,u,1,,,chopard-amber-malaki-perfume-for-women-and-men-eau-de-parfum
15,Very Important Notes,"Very Important Notes No 6 Parfum - Bergamot, Cherry Blossom, White Musk, Vetiver",parfum,u,2,,,very-important-notes-no-6-parfum-bergamot-cherry-blossom-white-musk-vetiver
16,Guerlain,Guerlain La Petite Robe Noire Eau de Parfum Intense,edp,f,1,,,guerlain-la-petite-robe-noire-eau-de-parfum-intense
19,Candy Addict,Candy Addict Cherry Blossom EDP,edp,u,1,,,candy-addict-cherry-blossom-edp
20,Sospiro,Sospiro Vibrato EDP,edp,u,1,,,sospiro-vibrato-edp
24,Very Important Notes,"Very Important Notes No 3 Parfum - Amber, Patchouli, Cardamom, Leather",parfum,u,2,,,very-important-notes-no-3
31,Roberto Cavalli,Roberto Cavalli Paradiso Assoluto,edp,f,3,Roberto Cavalli Paradiso; Roberto Cavalli Roberto Cavalli Eau de Parfum,,roberto-cavalli-paradiso-assoluto-eau-de-parfum-for-women
33,L'auditoire,L'auditoire London EDP,edp,m,1,,,lauditoire-london-edp
35,Yummy Baby,Yummy Baby Powder EDT,edt,,1,,,yummy-baby-powder-edt
40,Gucci,Gucci Flora Gorgeous Gardenia EDP Intense,edp,f,1,Gucci Flora Gorgeous Gardenia,,gucci-flora-gorgeous-gardenia-edp-intense
42,Bugatti,Bugatti Signature Carbon EDT,edt,m,1,,,bugatti-signature-carbon-edt
43,Memo Paris,Memo Paris Madurai EDP,edp,u,2,,,memo-paris-madurai-edp
44,Cartier,Cartier Pasha Parfum,parfum,m,2,,,cartier-pasha-parfum-eau-de-parfum-for-men
46,Deraah,Deraah Oud Musk & Tofi EDP,edp,u,1,,,deraah-oud-musk-tofi-edp
48,Ormonde Jayne,Ormonde Jayne Ambre Royal Parfum,parfum,u,1,,,ormonde-jayne-ambre-royal-parfum
50,Dior,Dior Dior Addict EDP,edp,f,3,,,dior-dior-addict-eau-de-parfum-for-women
51,Very Important Notes,"Very Important Notes No 1 Parfum - Rose, Saffron, Vanilla Blossom, Woody Notes",parfum,u,2,,,very-important-notes-no-1
52,Guerlain,Guerlain Samsara EDP,edp,f,1,,,guerlain-samsara-edp
53,Dkhoun,Dkhoun Emerald Oud,edp,u,1,,,dkhoun-aimerald-oud-eau-de-parfum-for-men-women
57,Prada,Prada Paradoxe Virtual Flower EDP,edp,f,1,Prada Paradoxe,,prada-paradoxe-virtual-flower-edp
60,Burberry,Burberry My Burberry Blush,edp,f,2,Burberry My Burberry,,burberry-my-burberry-blush-perfume-eau-de-perfum-for-women
61,Ibraheem Al.Qurashi,Ibraheem Al.Qurashi White Regent Diamond EDP,edp,u,1,,,ibraheem-al-qurashi-white-regent-diamond-edp
63,Cartier,Cartier Pasha Noire,edt,m,2,,,cartier-pasha-noire
64,Clive Christian,Clive Christian Matsukita EDP,edp,u,1,,,clive-christian-matsukita-edp
67,Very Important Notes,"Very Important Notes No 22 Parfum - Pink Pepper, Lavender, Patchouli, Leather",parfum,u,2,,,very-important-notes-no-22-parfum-pink-pepper-lavender-patchouli-leather
68,Valentino,Valentino Donna Born In Roma,edp,f,3,,,valentino-donna-born-in-roma-eau-de-parfum-for-women
71,Giorgio Armani,Giorgio Armani Si Passione,edp,f,3,Giorgio Armani Sì,,giorgio-armani-si-passione-eau-de-parfum-for-women
72,Nina Ricci,Nina Ricci Premier Jour,edp,f,1,,,nina-ricci-premier-jour-eau-de-parfum-for-women
73,Ibraheem Al.Qurashi,Ibraheem Al.Qurashi Pink Diamond Sakura EDP,edp,u,1,,,ibraheem-al-qurashi-pink-diamond-sakura-edp
79,Xerjoff,Xerjoff Casamorati La Tosca,edp,f,3,,,xerjoff-casamorati-la-tosca-perfume-eau-de-perfum
84,Yves Saint Laurent,Yves Saint Laurent Tuxedo Sharp Patchouli EDP,edp,u,1,,,yves-saint-laurent-tuxedo-sharp-patchouli-edp
85,Giorgio Armani,Giorgio Armani Si Refillable EDP Intense,edp,f,1,Giorgio Armani Sì,,giorgio-armani-si-refillable-edp-intense
86,Yves Saint Laurent,Yves Saint Laurent Libre L'Absolu Platine Parfum,parfum,f,2,,,yves-saint-laurent-libre-labsolu-platine-parfum
87,Ibraheem Al.Qurashi,Ibraheem Al.Qurashi Dominican Tobacco Extrait de Parfum,extrait,u,1,,,ibraheem-alqurashi-dominican-tobacco-extrait-de-parfum-for-men-women
90,Guess,Guess Iconic EDP,edp,f,1,,,guess-iconic-eau-de-parfum-for-women
93,Lacoste,Lacoste L'Homme,edt,m,4,,,lacoste-l-homme-perfume-eau-de-toilette-for-men
94,Hermes,Hermes Terre D'Hermes Pure Perfume,edp,m,1,Hermès Terre d'Hermès,the store says Eau de Parfum; may be Terre d'Hermes Parfum (terreparfum),hermes-terre-d-hermes-perfume-for-men-pure-perfume
102,Guerlain,Guerlain Mon Guerlain,edp,f,1,,,guerlain-mon-guerlain-perfume-for-women-eau-de-perfum
103,Ibraheem Al.Qurashi,Ibraheem Al.Qurashi Black Diamond Incense EDP,edp,u,1,,,ibraheem-al-qurashi-black-diamond-incense-edp
108,Lancome,Lancome Idole Power L' Eau de Parfum Intense,edp,f,2,Lancôme Idôle,,lancome-idole-power-l-eau-de-parfum-intense
109,Lolita Lempicka,Lolita Lempicka Lolita Lempicka,edp,f,11,,,lolita-lempicka-lolita-lempicka-perfume-eau-de-perfum-for-women
110,Givenchy,Givenchy Ange Ou Demon,edp,f,2,,,givenchy-ange-ou-demon-eau-de-parfum-for-women
112,Lacoste,Lacoste L.12.12 Blanc EDP,edp,m,1,,,lacoste-l-12-12-blanc-edp
117,Yves Saint Laurent,Yves Saint Laurent Y Intense EDP,edp,m,2,Yves Saint Laurent Y Eau de Parfum,,yves-saint-laurent-y-intense-edp
120,Ibraheem Al.Qurashi,Ibraheem Al.Qurashi Gharoor Musk Oud,edp,u,1,,,ibraheem-al-qurashi-shomoukh-musk-oud-eau-de-parfum-for-men-and-women
125,Gucci,Gucci Guilty Pour Femme Elixir de Parfum,parfum,f,1,Gucci Guilty,,gucci-guilty-pour-femme-elixir-de-parfum
126,Dunhill,Dunhill Icon Absolute,edp,m,2,,,dunhill-icon-absolute-perfume-for-men-eau-de-parfum
128,Davidoff,Davidoff Hot Water,edt,m,1,,,davidoff-hot-water-eau-de-toilette-for-men
130,Reef Perfumes,Reef Perfumes Abaya Arabs EDP,edp,u,1,,,reef-perfumes-abaya-arabs-edp
131,Minis,Minis Memories of Summer Mykonos EDP,edp,f,1,,,minis-memories-of-summer-mykonos-edp
132,Juicy Couture,Juicy Couture Dirty English,edt,m,1,,,juicy-couture-dirty-english-perfume-for-men-eau-de-toilette
134,Tommy Hilfiger,Tommy Hilfiger Tommy Girl,edp,f,1,,,tommy-hilfiger-tommy-girl-perfume
135,Houbigant,Houbigant Quelques Fleurs L'Original,edp,f,1,,,houbigant-quelques-fleurs-l-original-perfume-eau-de-perfum-for-women
137,Givenchy,Givenchy Amarige,edt,f,1,,,givenchy-amarige
138,Versace,Versace Bright Crystal,edt,f,2,,,versace-bright-crystal-eau-de-toilette-for-women
139,Hugo Boss,Hugo Boss Boss Orange Woman,edt,f,2,,,hugo-boss-boss-orange-woman
140,Burberry,Burberry Her London Dream EDP,edp,f,1,Burberry Her,,burberry-her-london-dream-eau-de-parfum-for-women
142,Dkhoun,Dkhoun Thaty,edp,u,1,,,dkhoun-thaty-eau-de-parfum-for-men-women
143,Abercrombie & Fitch,Abercrombie & Fitch Fierce Cologne EDC,,m,2,,,abercrombie-fitch-fierce-cologne-perfume-eau-de-cologne-for-men
145,Fragrance.One,Fragrance.One Office for Men EDP,edp,m,1,,,fragrance-one-office-eau-de-parfum-for-men
146,Bugatti,Bugatti IconiQ Gold EDT,edt,m,1,,,bugatti-iconiq-gold-edt
164,Giorgio Armani,Giorgio Armani Sì Passione EDP Intense,edp,f,1,Giorgio Armani Sì,,giorgio-armani-si-passione-edp-intense
165,The Merchant of Venice,The Merchant of Venice Exclusive Queen Of The Night EDP,edp,f,1,,,the-merchant-of-venice-exclusive-queen-of-the-night-edp
169,Dior,Dior Sauvage Eau Forte Parfum,parfum,m,1,,,dior-sauvage-eau-forte-parfum
170,Rabanne,Rabanne Million Gold Refillable EDP,edp,f,1,,,rabanne-million-gold-refillable-edp
171,Jean Paul Gaultier,Jean Paul Gaultier Gaultier Divine Le Parfum EDP Intense,edp,f,1,,,jean-paul-gaultier-gaultier-divine-le-parfum-edp-intense
172,Jean Paul Gaultier,Jean Paul Gaultier La Belle Paradise Garden EDP,edp,f,1,,,jean-paul-gaultier-la-belle-paradise-garden-edp
173,Jean Paul Gaultier,Jean Paul Gaultier Le Beau Paradise Garden EDP,edp,m,1,,,jean-paul-gaultier-le-beau-paradise-garden-edp
175,Ramón Béjar,Ramón Béjar Deep Amber EDP,edp,u,1,,,ramon-bejar-deep-amber-edp
176,Giorgio Armani,Giorgio Armani Acqua Di Gio Profondo Parfum,parfum,m,1,,,giorgio-armani-acqua-di-gio-profondo-parfum
177,Yves Saint Laurent,Yves Saint Laurent Libre Flowers & Flames EDP,edp,f,1,Yves Saint Laurent Libre,,yves-saint-laurent-libre-flowers-flames-edp
179,Ramón Béjar,Ramon Bejar Black Stone Extrait de Parfum,extrait,u,1,,,ramon-bejar-black-stone-extrait-de-parfum
180,Reef Perfumes,Reef Perfumes Reef 33 White EDP,edp,u,1,,,reef-perfumes-reef-33-white-edp
182,Jean Paul Gaultier,Jean Paul Gaultier Scandal Absolu EDP,edp,m,1,Jean Paul Gaultier Scandal Pour Homme,,jean-paul-gaultier-scandal-absolu-eau-de-parfum-for-men
183,Dior,Dior Miss Dior Parfum,parfum,f,1,Dior Miss Dior (2021),,dior-miss-dior-parfum
187,Carolina Herrera,Carolina Herrera Good Girl Blush Elixir EDP,edp,f,1,Carolina Herrera Good Girl; Carolina Herrera Good Girl Blush,,carolina-herrera-good-girl-blush-elixir-edp
194,Prada,Prada Paradoxe Intense  EDP,edp,f,2,Prada Paradoxe,,prada-paradoxe-intense-edp
195,Givenchy,Givenchy L'Interdit Rouge Ultime EDP,edp,f,1,Givenchy L'Interdit Eau de Parfum; Givenchy L'Interdit Eau de Parfum Rouge,,givenchy-linterdit-rouge-ultime-edp
196,Ibraheem Al.Qurashi,Ibraheem Al.Qurashi Blue Diamond Aqua EDP,edp,u,1,,,ibraheem-al-qurashi-blue-diamond-aqua-edp
197,Arabian Oud,Arabian Oud Taraf EDP,edp,f,1,,,arabian-oud-taraf-edp
198,Giorgio Armani,Giorgio Armani Acqua Di Giò Parfum,parfum,m,1,,,giorgio-armani-acqua-di-gio-parfum
199,Rabanne,Paco Rabanne 1 Million Golden Oud EDP,edp,m,1,,,paco-rabanne-1-million-golden-oud-edp
201,Jean Paul Gaultier,Jean Paul Gaultier Gaultier Divine EDP,edp,f,1,,,jean-paul-gaultier-gaultier-divine-edp
207,Dior,Dior Dior Homme Parfum (2025 Version),parfum,m,1,,,dior-homme-parfum-for-men
208,Valentino,Valentino Valentino Uomo Born In Roma Intense EDP,edp,m,1,Valentino Uomo Born in Roma; Valentino Uomo Intense,,valentino-valentino-uomo-born-in-roma-intense-edp
209,Valentino,Valentino Valentino Donna Born In Roma Intense EDP,edp,f,1,,,valentino-valentino-donna-born-in-roma-intense-edp
212,Giorgio Armani,Giorgio Armani My Way Le Parfum,parfum,f,2,Giorgio Armani My Way,,giorgio-armani-my-way-le-parfum
213,Burberry,Burberry Burberry Her Elixir EDP Intense,edp,f,2,Burberry Her,,burberry-burberry-her-elixir-edp-intense
215,Jean Paul Gaultier,Jean Paul Gaultier Scandal Le Parfum EDP,edp,m,2,Jean Paul Gaultier Scandal Pour Homme,,jean-paul-gaultier-scandal-le-parfum-edp
217,Valentino,Valentino Born in Roma Uomo Coral Fantasy EDT,edt,m,1,Valentino Uomo Born in Roma,,valentino-born-in-roma-uomo-coral-fantasy-edt
220,Ahmed Perfume,Ahmed Perfume Rose Noir EDP,edp,f,1,,,ahmed-perfume-rose-noir-edp
221,Givenchy,Givenchy Gentleman Society EDP,edp,m,2,Givenchy Gentleman Eau de Parfum,,givenchy-gentleman-society-edp
222,Rabanne,Paco Rabanne Invictus Victory Elixir EDP,edp,m,2,,,paco-rabanne-invictus-victory-elixir-edp
223,Dior,Dior Miss Dior Blooming Bouquet EDT,edt,f,1,Dior Miss Dior (2021),,dior-miss-dior-blooming-bouquet-edt
226,Hugo Boss,Hugo Boss Boss Bottled Parfum,parfum,m,1,,,hugo-boss-boss-bottled-parfum
231,Jean Paul Gaultier,Jean Paul Gaultier Le Male Ultra EDT,edt,m,1,Jean Paul Gaultier Le Male; Jean Paul Gaultier Ultra Male,,jean-paul-gaultier-le-male-ultra-edt
232,Carolina Herrera,Carolina Herrera Good Girl Midnight EDP,edp,f,1,Carolina Herrera Good Girl,,carolina-herrera-good-girl-midnight-edp
235,Arabian Oud,Arabian Oud Madawi Gold EDP,edp,m,1,,,arabian-oud-madawi-gold-eau-de-parfum-for-men
242,Maqam,Maqam Al Shoyoukh EDP,edp,u,1,,,maqam-maqam-al-shoyoukh-edp-120-ml
243,Guerlain,Guerlain L'instant Magic EDP,edp,f,2,,,guerlain-l-instant-magic-eau-de-parfum-for-women
244,Guerlain,Guerlain Insolence EDT,edt,f,1,,,guerlain-insolence-eau-de-toilette-for-women
245,Guerlain,Guerlain Insolence EDP,edp,f,2,,,guerlain-insolence-eau-de-parfum-for-women
247,Kilian,Kilian Good Girl Gone Bad Extreme Refillable EDP,edp,f,1,By Kilian Good Girl Gone Bad,,kilian-good-girl-gone-bad-extreme-refillable-eau-de-parfum-for-women
248,Dior,Christian Dior Miss Dior EDP - New Version,edp,f,1,Dior Miss Dior (2021),"may be Miss Dior (2021), the catalogue's missdior",christian-dior-miss-dior-new-version-eau-de-parfum-for-women
250,Givenchy,Givenchy Garçon Manqué EDP,edp,u,1,,,givenchy-garcon-manque-eau-de-parfum-for-men-and-women
253,Guerlain,Guerlain Mon Guerlain Intense EDP,edp,f,2,,,guerlain-mon-guerlain-intense-eau-de-parfum-for-women-100ml
256,Coach,Coach Coach Dreams Sunset EDP,edp,f,2,,,coach-coach-dreams-sunset-eau-de-parfum-for-women
257,Givenchy,Givenchy Gentleman EDT Intense,edt,m,2,,,givenchy-gentleman-eau-de-toilette-intense-for-men
259,Yves Saint Laurent,Yves Saint Laurent Y Le Perfume,edp,m,1,Yves Saint Laurent Y Eau de Parfum,,yves-saint-laurent-y-eau-de-parfum-for-men
261,Arabian Oud,Arabian Oud Kashmir Musk EDP,edp,u,1,,,arabian-oud-kashmir-musk-eau-de-perfume-for-men-and-women
263,Ibraheem Al.Qurashi,Ibraheem Al.Qurashi Sapphire Leather EDP,edp,u,1,,,ibraheem-al-qurashi-sapphire-leather-eau-de-parfum-for-men-and-women
264,Ibraheem Al.Qurashi,Ibraheem Al.Qurashi Balas Rose EDP,edp,u,1,,,ibraheem-al-qurashi-balas-rose-eau-de-parfum-for-men-and-women
273,Givenchy,Givenchy L'interdit Intense,edp,f,2,Givenchy L'Interdit Eau de Parfum,,givenchy-l-interdit-intense-eau-de-parfum-for-women
274,Givenchy,Givenchy Ange Ou Demon Le Secret EDP,edp,f,1,,,givenchy-ange-ou-demon-le-secret-eau-de-parfum-for-women
276,Narciso Rodriguez,Narciso Rodriguez Patchouli Musc,edp,f,2,Narciso Rodriguez For Her Eau de Parfum,,narciso-rodriguez-patchouli-musc-eau-de-parfum-for-women
278,Arabian Oud,Arabian Oud Al Fareed,edp,m,1,,,arabian-oud-al-fareed-eau-de-parfum-for-men
284,Ajmal,Ajmal Evoke For Women,,f,1,,,ajmal-evoke-for-women
288,Arabian Oud,Arabian Oud Ehsas (Khas),edp,u,1,,,arabian-oud-ehsas-khas-eau-de-parfum-for-men-and-women
289,Elie Saab,Elie Saab Le Parfum Essentiel,edp,f,1,Elie Saab Le Parfum,,elie-saab-le-parfum-essentiel-eau-de-parfum-for-women
290,Mont Blanc,Mont Blanc Signature,edp,f,2,,,mont-blanc-signature-90ml
291,Reef Perfumes,Reef Perfumes Reef 11,edp,f,1,,,reef-perfumes-reef-11-eau-de-parfum-for-women
293,Arabian Oud,Arabian Oud Only White,edp,u,1,,,arabian-oud-only-white-eau-de-parfum-for-men-women
296,Rabanne,Paco Rabanne 1 Million Parfum,parfum,m,2,,,1-million-parfum-for-men
307,Penhaligon's,Penhaligon's Portrait Changing Constance,edp,f,1,,,penhaligon-s-portrait-changing-constance-eau-de-parfum-for-women
311,Dolce&Gabbana,Dolce & Gabbana L'imperatrice 3 Pour Femme,edt,f,2,Dolce&Gabbana Dolce&Gabbana Pour Femme,,dolce-gabbana-l-imperatrice-3-pour-femme-eau-de-toilette-for-women
315,Bvlgari,Bvlgari Le Gemme Tygar,edp,m,1,Bvlgari Tygar,,bvlgari-le-gemme-tygar-edp-eau-de-perfum-for-men
316,Ajmal,Ajmal Raindrops,edp,f,1,,,ajmal-raindrops-perfume-eau-de-perfume-for-women
318,Dolce&Gabbana,Dolce & Gabbana The Only One,edp,f,2,,,dolce-gabbana-the-only-one-100-ml
322,Tous,Tous Touch,edt,f,1,,,tous-touch-perfume-eau-de-toilette-for-women
324,Parfums de Marly,Parfums de Marly Delina Exclusif Royal,edp,f,3,Parfums de Marly Delina,,marly-delina-exclusif-royal-essence-perfume-perfum-for-women
327,Elie Saab,Elie Saab Girl Of Now Shine,edp,f,2,,,elie-saab-girl-of-now-shine-perfume-eau-de-perfum-for-women
329,Houbigant,Houbigant Quelques Fleurs L Original,edp,f,1,,,houbigant-quelques-fleurs-l-original-100-ml
332,Caron,Caron Pour Un Homme De Caron,edt,m,2,,,caron-pour-un-homme-de-caron-perfume-eau-de-toilette-for-men
334,Dolce&Gabbana,Dolce & Gabbana Light Blue Eau Intense EDP,edp,m,1,Dolce&Gabbana Light Blue Pour Homme,,dolce-gabbana-light-blue-eau-intense-eau-de-parfum-for-men
339,Bvlgari,Bvlgari Petits Et Mamans,edp,f,1,,,bvlgari-petits-et-mamans-perfume-eau-de-toilette-for-children
340,Bentley,Bentley Momentum Intense,edp,m,1,,,bentley-momentum-intense-perfume-eau-de-perfum-for-men
341,Bentley,Bentley Azure For Men,edt,m,1,,,bentley-azure-for-men-perfume-eau-de-toilette-for-men
343,Chloe,Chloe Nomade Women,edp,f,2,Chloé Chloé Eau de Parfum,,chloe-nomade
346,Carolina Herrera,Carolina Herrera 212 VIP Black,edp,m,2,,,212-100
348,Elie Saab,Elie Saab Le Parfum In White,edp,f,2,Elie Saab Le Parfum,,elie-saab-le-parfum-in-white-perfume-eau-de-perfum-for-women
350,Gucci,Gucci Guilty Absolute Pour Femme,edp,f,2,Gucci Guilty,,gucci-guilty-absolute-pour-femme-eau-de-parfum-for-women
353,Dunhill,Dunhill Icon Racing,edp,m,2,,,dunhill-icon-racing-perfume-eau-de-perfum-for-men
357,Giorgio Armani,Giorgio Armani Emporio Armani Because It's You,edp,f,2,,,giorgio-armani-emporio-armani-because-it-s-you-perfume-eau-de-parfum-for-women
358,Armand Basi,Armand Basi In Red EDT,edt,f,2,,,armand-basi-in-red-eau-de-toilette-for-women-100ml
360,Chanel,Chanel Gabrielle,edp,f,2,,,chanel-gabrielle-perfume-for-women-eau-de-perfum
361,Lalique,Lalique Lalique Le Parfum,edp,f,2,,,lalique-lalique-le-parfum-100ml
363,Lalique,Lalique Encre Noir,edt,m,2,,,lalique-encre-noir-100ml
365,Burberry,Burberry Mr. Burberry,edp,m,2,,,burberry-mr-burberry-100ml
370,Mancera,Mancera Roses Greedy,edp,f,1,,,mancera-roses-greedy-perfume-for-women-eau-de-parfum-120ml
371,Elizabeth Arden,Elizabeth Arden 5Th Avenue,edp,f,2,,,elizabeth-arden-5th-avenue-perfume-for-women-eau-de-parfum-125ml
375,Roberto Cavalli,Roberto Cavalli Uomo Roberto Cavalli,edt,m,4,,,roberto-cavalli-uomo-roberto-cavalli-for-men-eau-de-toilette-100-ml
382,Chloe,Chloe Love Story EDP,edp,f,1,Chloé Chloé Eau de Parfum,,chloe-love-story-perfume-for-women-eau-de-parfum
387,Chopard,Chopard Rose Malaki,edp,u,1,,,chopard-rose-malaki
389,Mancera,Mancera Gold Intensive Aoud,edp,u,1,,,mancera-gold-intensive-aoud-120-ml
394,Bentley,Bentley For Men Intense,edp,m,1,,,bentley-for-men-intense
401,Juicy Couture,Juicy Couture Viva La Juicy,edp,f,2,,,juicy-couture-viva-la-juicy-100-ml
402,Roberto Cavalli,Roberto Cavalli Just Cavalli Women EDT,edt,f,1,,,roberto-cavalli-just-cavalli-eau-de-toilette-for-women
403,Carolina Herrera,Carolina Herrera 212 Vip Men,edt,m,2,,,carolina-herrera-212-vip-men-100-ml
405,Escada,Escada Magnetism,edp,f,2,,,escada-magnetism-75-ml
406,Tom Ford,Tom Ford Velvet Orchid,edp,f,2,,,tom-ford-velvet-orchid
407,Carolina Herrera,Carolina Herrera CH Men,edt,m,1,,,carolina-herrera-ch-for-men-eau-de-toilette-for-men
408,Chanel,Chanel Allure EDP,edp,f,1,,,chanel-allure
409,Versace,Versace Pour Homme,edt,m,5,,,versace-pour-homme-eau-de-toilette-for-men
415,Lancome,Lancôme Trésor Midnight Rose,edp,f,2,,,lancome-tresor-midnight-rose
417,Lacoste,Lacoste Pour Femme,edp,f,1,,,lacoste-pour-femme
418,Gucci,Gucci Guilty Pour Homme EDT,edt,m,2,,,gucci-guilty-pour-homme-eau-de-toilette-for-men
419,Dolce&Gabbana,Dolce & Gabbana The One for Women,edp,f,2,,,dolce-gabbana-the-one-eau-de-parfum-for-women
420,Chanel,Chanel Platinum Egoiste,edt,m,1,,,chanel-platinum-egoiste-eau-de-toilette-for-men
421,Chanel,Chanel Coco Noir,edp,f,1,,,chanel-coco-noir-eau-de-perfum-for-women
422,Calvin Klein,Calvin Klein Eternity Men,edt,m,1,,,calvin-klein-eternity-for-men
423,Burberry,Burberry London for Men,edt,m,2,,,burberry-london-for-men
426,Roberto Cavalli,Roberto Cavalli Nero Assoluto,edp,f,2,Roberto Cavalli Roberto Cavalli Eau de Parfum,,roberto-cavalli-nero-assoluto-75-ml
440,Burberry,Burberry Goddess EDP,edp,f,2,,,burberry-goddess-edp
443,Dunhill,Dunhill Icon Elite,edp,m,1,,,dunhill-icon-elite-perfume-for-men-eau-de-perfum
445,Van Cleef & Arpels,Van Cleef & Arpels Bois Dore,edp,u,1,,,van-cleef-arpels-bois-dore-perfume-eau-de-perfum-for-men-and-women
446,Narciso Rodriguez,Narciso Rodriguez All Of Me EDP,edp,f,2,Narciso Rodriguez For Her Eau de Parfum,,narciso-rodriguez-all-of-me-edp
453,Roberto Cavalli,Roberto Cavalli Florence,edp,f,3,Roberto Cavalli Roberto Cavalli Eau de Parfum,,roberto-cavalli-florence-perfume-eau-de-parfum-for-women
455,Guerlain,Guerlain Cuir Intense EDP,edp,u,2,,,guerlain-cuir-intense-eau-de-parfum-for-men-women
457,Chopard,Chopard Black Incense Malaki,edp,u,1,,,chopard-black-incense-malaki-eau-de-parfum-for-men-and-women
458,Candy Addict,Candy Addict Marshmallow Mash EDP,edp,f,1,,,candy-addict-marshmallow-mash-eau-de-parfum-for-women
462,Jean Paul Gaultier,Jean Paul Gaultier La Belle EDP,edp,f,1,,,jean-paul-gaultier-la-belle-edp
463,Chopard,Chopard Leather Malaki EDP,edp,m,1,,,chopard-leather-malaki-edp
464,Jean Paul Gaultier,Jean Paul Gaultier Le Beau Narcisse for Men EDP,edp,m,1,,,jean-paul-gaultier-le-beau-narcisse-eau-de-parfum-for-men
465,Candy Addict,Candy Addict Berry B EDP,edp,f,1,,,candy-addict-berry-b-eau-de-parfum-for-women
466,Giorgio Armani,Giorgio Armani Armani Prive Vert Malachite,edp,u,3,,,giorgio-armani-armani-prive-vert-malachite-perfume-eau-de-perfum-for-men-and-women
467,Estée Lauder,Estée Lauder Pleasures,edp,f,1,,,estee-lauder-pleasures
468,Giorgio Armani,Giorgio Armani Stronger With You Parfum,parfum,m,1,,,giorgio-armani-stronger-with-you-parfum
469,Mont Blanc,Mont Blanc Lady Emblem,edp,f,2,,,mont-blanc-lady-emblem-perfume-for-women-eau-de-parfum
470,Guerlain,Guerlain Absolus Allegoria Santal Royal EDP,edp,u,1,Guerlain Santal Royal,,guerlain-absolus-allegoria-santal-royal-edp
471,Estée Lauder,Estée Lauder White Linen,edp,f,1,,,givenchy-dahlia-divin-eau-initiale-perfume-eau-de-toilette-for-women
472,Jaguar,Jaguar Classic Black,edt,m,1,,,jaguar-classic-black
474,Givenchy,Givenchy Pour Homme Blue Label,edt,m,2,,,givenchy-pour-homme-blue-label-perfume-for-men-eau-de-toilette
476,Tommy Hilfiger,Tommy Hilfiger Tommy By Tommy Hilfiger,,m,1,,,tommy-by-tommy-hilfiger-perfume-for-men-eau-de-toilette
479,Rosendo Mateu,Rosendo Mateu No. 5 EDP,edp,u,2,,,rosendo-mateu-no-5-eau-de-parfum-for-men-women
481,Dolce&Gabbana,Dolce & Gabbana Velvet Desert Oud,edp,u,2,,,dolce-gabbana-velvet-desert-oud-perfume-eau-de-parfum-for-men-and-women
482,Davidoff,Davidoff Cool Water Intense EDP,edp,m,1,,,davidoff-cool-water-intense-eau-de-parfum-for-men
483,Guerlain,Guerlain La Petite Robe Noire,edp,f,2,,,guerlain-la-petite-robe-noire
486,Giorgio Armani,Giorgio Armani Acqua di Giò Profondo,edp,m,2,,,giorgio-armani-acqua-di-gio-profondo-eau-de-parfum-for-men
488,Gucci,Gucci Intense Oud,edp,u,1,,,gucci-intense-oud-eau-de-parfum-for-men-and-women
489,Gucci,Gucci Rush,edt,f,2,,,gucci-rush-eau-de-toilette-for-women
490,Mont Blanc,Mont Blanc Legend Blue EDP,edp,m,1,,,mont-blanc-legend-blue-eau-de-parfum-for-men
492,Bugatti,Bugatti Dynamic Move Amber EDT,edt,m,1,,,bugatti-dynamic-move-amber-edt
493,Coach,Coach For Men,edt,m,2,,,coach-coach-for-men-perfume-eau-de-toilette-for-men
494,Guerlain,Guerlain La Petite Robe Noire Ma Robe Cocktail,edt,f,2,,,guerlain-la-petite-robe-noire-ma-robe-cocktail-perfume-eau-de-toilette-for-women
496,Gucci,Gucci Flora Gorgeous Orchid EDP,edp,f,1,,,gucci-flora-gorgeous-orchid-edp
497,Guerlain,Guerlain Patchouli Ardent EDP,edp,u,1,,,guerlain-patchouli-ardent-edp
498,Dolce&Gabbana,Dolce & Gabbana The Only One Intense,edp,f,3,,,dolce-gabbana-the-only-one-eau-de-parfum-for-women
499,Guerlain,Guerlain L'Instant De Guerlain EDP,edp,m,1,,,guerlain-linstant-de-guerlain-edp
500,Guerlain,Guerlain Idylle EDP,edp,f,1,,,guerlain-idylle-eau-de-parfum-for-women
501,Lalique,Lalique Encre Noire A L'Extreme,edp,m,2,,,lalique-encre-noire-a-l-extreme-perfume-for-men-eau-de-perfum
503,Parfums de Marly,Parfums de Marly Castley EDP,edp,m,1,,,parfums-de-marly-castley-edp
505,Clinique,Clinique Aromatics Elixir EDP,edp,f,1,,,clinique-aromatics-elixir-perfume-eau-de-perfum-for-women
506,Givenchy,Givenchy Hot Couture EDP,edp,f,2,,,givenchy-hot-couture-edp
508,Coach,Coach Floral,edp,f,1,,,coach-floral-eau-de-parfum-for-women
511,Givenchy,Givenchy L'Interdit Absolu EDP Intense,edp,f,1,Givenchy L'Interdit Eau de Parfum,,givenchy-linterdit-absolu-edp-intense
513,Ibraheem Al.Qurashi,Ibraheem Al.Qurashi Dose Rose Tobacco EDP,edp,f,1,,,ibraheem-al-qurashi-dose-rose-tobacco-eau-de-parfum-for-women
517,Valentino,Valentino Valentino Donna,edp,f,5,,,valentino-valentino-donna-perfume-for-women-eau-de-parfum
518,Burberry,Burberry Classic,edp,f,2,,,burberry-classic
520,Vilhelm Parfumerie,Vilhelm Parfumerie Morning Chess EDP,edp,u,1,,,vilhelm-parfumerie-morning-chess-edp
521,Emanuel Ungaro,Emanuel Ungaro Diva,edp,f,1,,,emanuel-ungaro-diva-perfume-eau-de-perfum-for-women
522,Boucheron,Boucheron Place Vendome,edp,f,2,,,boucheron-place-vendome-perfume-eau-de-perfum-for-women
523,Burberry,Burberry Her Petals Limited Edition EDP,edp,f,2,Burberry Her,,burberry-her-petals-limited-edition-edp
524,Tom Ford,Tom Ford Ombre Leather Parfum,parfum,u,3,Tom Ford Ombré Leather,,tom-ford-ombre-leather-parfum-for-men-and-women
525,Mont Blanc,Mont Blanc Explorer Platinum EDP,edp,m,1,Montblanc Explorer,,mont-blanc-explorer-platinum-edp
526,Lancome,Lancôme Miracle,edp,f,2,,,lancome-miracle
527,Aigner,Aigner Debut,edp,f,2,,,aigner-debut
530,Van Cleef & Arpels,Van Cleef & Arpels Precious Oud Collection Extraordinaire,edp,f,1,,,van-cleef-arpels-precious-oud-collection-extraordinaire-perfume-eau-de-perfum-for-men-and-women
531,Elie Saab,Elie Saab Le Parfum Bridal EDP,edp,f,1,Elie Saab Le Parfum,,elie-saab-le-parfum-bridal-edp
532,Guerlain,Guerlain L'Homme Idéal Extrême EDP,edp,m,1,Guerlain L'Homme Idéal; Guerlain L'Homme Idéal Eau de Parfum,,guerlain-l-homme-ideal-extreme-eau-de-parfum-for-men
534,Jennifer Lopez,Jennifer Lopez Still,edp,f,1,,,jennifer-lopez-still-perfume-for-women-eau-de-parfum
535,Dolce&Gabbana,Dolce&Gabbana The One For Men EDP Intense,edp,m,2,Dolce&Gabbana The One for Men,,dolce-gabbana-the-one-intense-eau-de-parfum-for-men
536,Guerlain,Guerlain Oud Essentiel,edp,f,2,,,guerlain-oud-essentiel-perfume-eau-de-perfum-for-women
537,Versace,Versace Dylan Blue Pour Femme,edp,f,3,,,versace-dylan-blue-pour-femme-perfume-eau-de-parfum-for-women
538,Cartier,Cartier La Panthere Parfum,parfum,f,2,Cartier La Panthère,,cartier-la-panthere-parfum-for-women
540,Memo Paris,Memo Paris Fleurs Bohemes Marfa EDP,edp,u,2,,,memo-fleurs-bohemes-marfa-eau-de-parfum-for-men-and-women
542,Mont Blanc,Mont Blanc Individuel,edt,m,1,,,mont-blanc-individuel-perfume-eau-de-toilette-for-men
544,Marbert,Marbert Man Pure,edt,m,1,,,marbert-man-pure-eau-de-toilette-for-men
546,Calvin Klein,Calvin Klein Ck One,edt,u,1,,,calvin-klein-ck-one
547,Yves Saint Laurent,Yves Saint Laurent Elle,edp,f,1,,,yves-saint-laurent-elle
548,Guerlain,Guerlain Absolus Allegoria Oud Essentiel EDP,edp,u,1,,,guerlain-absolus-allegoria-oud-essentiel-edp
549,Jaguar,Jaguar Classic Gold,edt,m,1,,,jaguar-classic-gold-perfume-eau-de-toilette-for-men
550,Dolce&Gabbana,Dolce & Gabbana The One Mysterious Night,edp,m,1,Dolce&Gabbana The One for Men,,dolce-gabbana-the-one-mysterious-night-eau-de-parfum-for-men
551,Gucci,Gucci Flora Gorgeous Magnolia EDP,edp,f,2,,,gucci-flora-gorgeous-magnolia-edp
562,Givenchy,Givenchy Gentleman Society Ambree EDP,edp,m,1,Givenchy Gentleman Eau de Parfum,,givenchy-gentleman-society-ambree-edp-100ml
574,Roberto Cavalli,Roberto Cavalli Just Cavalli Wild Heart For Her EDP,edp,f,1,Roberto Cavalli Roberto Cavalli Eau de Parfum,,roberto-cavalli-just-cavalli-wild-heart-for-her-edp
575,La Rochelle,La Rochelle Oud Larochelle EDP,edp,u,1,,,la-rochelle-oud-larochelle-edp
584,Guerlain,Guerlain Rose Amira EDP,edp,u,1,,,guerlain-rose-amira-edp
588,Burberry,Burberry Gold EDP,edp,f,1,,,burberry-gold-edp
589,Chanel,Chanel Allure Homme Sport Superleggera EDP,edp,m,1,Chanel Allure Homme Sport,,chanel-allure-homme-sport-superleggera-edp
593,Parfums de Marly,Parfums de Marly Palatine EDP,edp,f,1,,,parfums-de-marly-palatine-edp
596,Yves Saint Laurent,Yves Saint Laurent Myslf Le Parfum,parfum,m,1,Yves Saint Laurent Myslf,,yves-saint-laurent-myslf-le-parfum
597,Hugo Boss,Hugo Boss The Scent Elixir Parfum Intense,parfum,m,1,Hugo Boss Boss The Scent,,hugo-boss-the-scent-elixir-parfum-intenseparfum-intense-for-men
598,Hugo Boss,Hugo Boss The Scent Elixir Parfum Intense,parfum,f,1,Hugo Boss Boss The Scent For Her,,hugo-boss-the-scent-elixir-parfum-intenseparfum-intense-for-women
602,Yves Saint Laurent,Yves Saint Laurent Black Opium Over Red EDP,edp,f,1,Yves Saint Laurent Black Opium,,yves-saint-laurent-black-opium-over-red-edp
604,Reef Perfumes,Reef Perfumes Pesca EDP,edp,u,1,,,reef-perfumes-pesca-edp
612,Ibraheem Al.Qurashi,Ibraheem Al.Qurashi Brazilian Tobacco Extrait de Parfum,extrait,u,1,,,ibraheem-alqurashi-brazilian-tobacco-2-extrait-de-parfum-for-unisex
613,Giorgio Armani,Giorgio Armani Stronger With You Tobacco EDP,edp,m,1,,,giorgio-armani-stronger-with-you-tobacco-edp
619,Jean Paul Gaultier,Jean Paul Gaultier Le Beau EDP,edp,m,1,,,jean-paul-gaultier-le-beau-edp
620,Creed,Creed Wind Flowers EDP,edp,f,1,,,creed-wind-flowers-edp
621,Creed,Creed Absolu Aventus EDP,edp,m,2,Creed Aventus,,creed-absolu-aventus-edp
627,Dior,Dior Oud Rosewood EDP,edp,u,1,,,dior-oud-rosewood-edp
630,Dolce&Gabbana,Dolce & Gabbana Devotion EDP,edp,f,1,,,dolce-gabbana-devotion-eau-de-parfum-for-women
631,Dior,Dior J'adore l'Or Essence de Parfum,parfum,f,1,Dior J'adore,,dior-jadore-lor-essence-de-parfum
652,Gucci,Gucci Bloom Intense EDP,edp,f,2,Gucci Bloom,,gucci-bloom-intense-edp
655,Yves Saint Laurent,Yves Saint Laurent L'Homme EDP,edp,m,1,,,yves-saint-laurent-lhomme-edp
661,Ibraheem Al.Qurashi,Ibraheem Al.Qurashi Spanish Tobacco Extrait de Parfum,extrait,u,1,,,ibraheem-al-qurashi-spanish-tobacco-extrait-de-parfum
665,Ibraheem Al.Qurashi,Ibraheem Al.Qurashi Mexican Tobacco Extrait de Parfum,extrait,u,1,,,ibraheem-al-qurashi-mexican-tobacco-extrait-de-parfum
669,Dior,Dior Sauvage Parfum,parfum,m,4,,,dior-sauvage-parfum-200ml
670,Yves Saint Laurent,Yves Saint Laurent Baby Cat EDP,edp,u,1,,,yves-saint-laurent-baby-cat-edp
671,Yves Saint Laurent,Yves Saint Laurent Supreme Bouquet,edp,f,2,,,yves-saint-laurent-supreme-bouquet-125ml
680,Giorgio Armani,Giorgio Armani Armani Code Parfum,parfum,m,1,Giorgio Armani Armani Code,,giorgio-armani-armani-code-parfum
681,Gucci,Gucci Flora Gorgeous Jasmine EDP,edp,f,2,,,gucci-flora-gorgeous-jasmine-edp
684,Very Important Notes,"Very Important Notes No 5 Parfum - Saffron, Cashmere Wood, Guaiac Wood, Leather",parfum,u,1,,,very-important-notes-no-5-parfum-saffron-cashmere-wood-guaiac-wood-leather
685,Yves Saint Laurent,Yves Saint Laurent Libre Le Parfum,parfum,f,3,,,yves-saint-laurent-libre-le-parfum
686,Coach,Coach Dreams,edp,f,3,,,coach-dreams-40ml
689,Reef Perfumes,Reef Perfumes Reef 33,edp,u,1,,,reef-perfumes-reef-33
690,Van Cleef & Arpels,Van Cleef & Arpels Patchouli Blanc EDP,edp,u,1,,,van-cleef-arpels-patchouli-blanc-edp
691,Dior,Dior Sakura EDP,edp,u,1,,,dior-sakura-eau-de-parfum-for-men-women
692,Gucci,Gucci Guilty Pour Femme EDP Intense,edp,f,1,Gucci Guilty,,gucci-guilty-pour-femme-edp-intense
697,Jean Paul Gaultier,Jean Paul Gaultier Scandal Le Parfum EDP Intense,edp,f,3,Jean Paul Gaultier Scandal,,jean-paul-gaultier-scandal-le-parfum-edp-intense
701,Narciso Rodriguez,Narciso Rodriguez Cristal EDP,edp,f,2,Narciso Rodriguez For Her Eau de Parfum,,narciso-rodriguez-cristal-edp
705,Lancome,Lancome Idole Aura EDP,edp,f,2,Lancôme Idôle,,lancome-idole-aura-eau-de-parfum-for-women
711,Narciso Rodriguez,Narciso Rodriguez Musc Noir Rose EDP,edp,f,2,Narciso Rodriguez For Her Eau de Parfum,,narciso-rodriguez-musc-noir-rose-eau-de-parfum-for-women
720,Versace,Versace Eros Parfum,parfum,m,1,,,versace-eros-parfum-for-men
723,Giorgio Armani,Giorgio Armani My Way Intense EDP,edp,f,2,Giorgio Armani My Way,,giorgio-armani-my-way-intense-eau-de-parfum-for-women
730,Kilian,Kilian Woman In Gold Refillable EDP,edp,f,1,,,kilian-woman-in-gold-refillable-eau-de-parfum-for-women
731,Guerlain,Guerlain Mon Guerlain Sparkling Bouquet EDP,edp,f,2,,,guerlain-mon-guerlain-sparkling-bouquet-eau-de-parfum-for-women
740,Mont Blanc,Mont Blanc Explorer Ultra Blue EDP,edp,m,2,Montblanc Explorer,,montblanc-explorer-ultra-blue-eau-de-parfum-for-men
745,Gucci,Gucci The Voice Of The Snake EDP,edp,u,1,,,gucci-the-voice-of-the-snake-eau-de-parfum-for-men-women
750,Yves Saint Laurent,Yves Saint Laurent Tuxedo Epices Patchouli EDP,edp,u,2,,,yves-saint-laurent-tuxedo-epices-patchouli-eau-de-parfum-for-men-and-women
751,Chanel,Chanel Le Lion de Chanel EDP,edp,u,1,,,chanel-le-lion-de-chanel-eau-de-parfum-for-men-and-women
752,Chanel,Chanel Coco Mademoiselle L’eau Privée EDP,edp,f,1,Chanel Coco Mademoiselle Eau de Parfum,,chanel-coco-mademoiselle-l-eau-privee-eau-de-parfum-for-women
755,Jean Paul Gaultier,Jean Paul Gaultier La Belle Le Parfum EDP,edp,f,2,,,jean-paul-gaultier-la-belle-eau-de-parfum-for-women
758,Ibraheem Al.Qurashi,Ibraheem Al.Qurashi Powder Musk Spray,,u,1,,,ibraheem-al-qurashi-musk-powder-musk-spray-for-men-and-women
759,Ibraheem Al.Qurashi,Ibraheem Al.Qurashi Abaq Alroman Musk Spray,,u,1,,,ibraheem-al-qurashi-musk-abaq-alroman-musk-spray-for-men-and-women
760,Boucheron,Boucheron Serpent Boheme EDP,edp,f,1,,,boucheron-serpent-boheme-eau-de-parfum-for-women
761,Parfums de Marly,Parfums de Marly Layton Exclusif EDP,edp,u,2,Parfums de Marly Layton,,marly-layton-exclusif-eau-de-parfum-for-men-and-women
764,Versace,Versace Eros EDP,edp,m,2,,,versace-eros-pour-homme-eau-de-parfum-for-men
767,Lancome,Lancome Idole Intense,edp,f,2,Lancôme Idôle,,lancome-idole-intense-eau-de-parfum-for-women
770,Mont Blanc,Mont Blanc Legend EDP,edp,m,2,,,mont-blanc-legend-eau-de-parfum-for-men
772,Giorgio Armani,Giorgio Armani Stronger With You Leather,edp,m,2,,,giorgio-armani-stronger-with-you-leather-eau-de-parfum-for-men
774,Lancome,Lancome Idole Le Grand,edp,f,1,Lancôme Idôle,,lancome-idole-le-grand-spray-eau-de-parfum-for-women
775,Guerlain,Guerlain L'homme Ideal L'intense,edp,m,1,Guerlain L'Homme Idéal; Guerlain L'Homme Idéal Eau de Parfum,,guerlain-l-homme-ideal-l-intense-eau-de-parfum-for-men
777,Chanel,Chanel Coco Mademoiselle L'eau Privee Eau Pour La Nuit,edp,f,1,Chanel Coco Mademoiselle Eau de Parfum,,chanel-coco-mademoiselle-l-eau-privee-eau-pour-la-nuit-eau-de-parfum-for-women
785,Orto Parisi,Orto Parisi Terroni,edp,u,2,,,orto-parisi-terroni-eau-de-parfum-women-and-men
791,Dkhoun,Dkhoun Prime Max,edp,u,1,,,dkhoun-prime-max-eau-de-parfum-for-men-women
797,Dior,Dior Miss Dior Rose N' Roses,edt,f,3,Dior Miss Dior (2021),,dior-miss-dior-rose-n-roses-eau-de-toilette-for-women
800,Dior,Dior Joy Intense,edp,f,2,,,dior-joy-intense-eau-de-parfum-for-women
802,Dior,Dior Dior Homme Sport,edt,m,2,Dior Dior Homme (2020),,dior-dior-homme-sport-eau-de-toilette-for-men
804,Dior,Dior Addict Eau Fraiche EDT,edt,f,2,,,dior-addict-eau-fraiche-eau-de-toilette-for-women
806,Chanel,Chanel Gabrielle Essence,edp,f,1,,,chanel-gabrielle-essence-eau-de-parfum-for-women
807,Chanel,Chanel Chance Eau Tendre EDP,edp,f,1,,,chanel-chance-eau-tendre-eau-de-parfum-for-women
809,Bvlgari,Bvlgari Goldea The Roman Night Absolute,edp,f,2,,,bvlgari-goldea-the-roman-night-absolute-eau-de-parfum-for-women
811,Lancome,Lancôme Peut Être Maison,edp,f,2,,,lancome-peut-tre-maison-eau-de-parfum-for-women
813,Givenchy,Givenchy Gentleman Boisee,edp,m,2,Givenchy Gentleman Eau de Parfum,,boisee-givenchy-gentleman-eau-de-parfum-for-men
814,Givenchy,Givenchy Irresistible Givenchy,edp,f,2,,,givenchy-irresistible-givenchy-eau-de-parfum-for-women
816,Rochas,Rochas Byzance,edp,f,2,,,rochas-byzance-eau-de-parfum-for-women
818,Narciso Rodriguez,Narciso Rodriguez Narciso Ambree,edp,f,2,Narciso Rodriguez For Her Eau de Parfum,,narciso-rodriguez-narciso-ambree-eau-de-parfum-for-women
822,Reef Perfumes,Reef Perfumes Reef 19,edp,u,1,,,reef-perfumes-reef-19-eau-de-parfum-for-men-and-women
823,Penhaligon's,Penhaligon's Halfeti Leather,edp,f,1,,,penhaligon-s-halfeti-leather-eau-de-parfum-for-women
824,Van Cleef & Arpels,Van Cleef & Arpels Reve de Cashmere,edp,u,1,,,van-cleef-arpels-reve-de-cashmere-eau-de-parfum-for-men-women
825,Very Important Notes,"Very Important Notes No 4 Parfum - Tobacco, Oud Wood, Coffee Accord, Vetiver",parfum,u,1,,,very-important-notes-no-4
829,Van Cleef & Arpels,Van Cleef & Arpels Collection Extraordinaire Bois d'Amande,edp,u,2,,,van-cleef-arpels-bois-d-amande-eau-de-parfum-for-men-women
840,Elie Saab,Elie Saab Le Parfum Royal,edp,u,2,Elie Saab Le Parfum,,elie-saab-le-parfum-royal-eau-de-parfum-for-women
843,Anfasic Dokhoon,Anfasic Dokhoon Shay Oud,edp,u,1,,,anfasic-dokhoon-shay-oud-75-ml
845,Dior,Dior Homme Intense EDP (2025 Version),edp,m,3,Dior Dior Homme Intense,Dior's 2025 relaunch of Dior Homme Intense (catalogue: diorhommeintense),dior-homme-intense-eau-de-parfum-for-men-2025-version-150-ml
846,Penhaligon's,Penhaligon's Portrait Blazing Mister Sam,edp,m,1,,,penhaligon-s-portrait-blazing-mister-sam-eau-de-parfum-for-men
847,Penhaligon's,Penhaligon's The Tragedy of Lord George,edp,m,1,,,penhaligon-s-the-tragedy-of-lord-george-eau-de-parfum-for-men
848,Penhaligon's,Penhaligon's Halfeti EDP,edp,f,1,,,penhaligon-s-halfet-eau-de-parfum-for-women
850,Jean Paul Gaultier,Jean Paul Gaultier Scandal By Night,edp,f,1,Jean Paul Gaultier Scandal,,jean-paul-gautier-scandal-by-night-eau-de-parfum-for-women
851,Amouage,Amouage Honour EDP,edp,f,2,,,amouage-honour-edp
853,Dior,Dior Homme EDT - New Version,edt,m,3,Dior Dior Homme (2020),"may be Dior Homme 2020 (diorhomme2020), sold as the 'new version'",dior-homme-eau-de-toilette-for-men
859,Van Cleef & Arpels,Van Cleef & Arpels Ambre Imperial,edp,u,1,,,van-cleef-arpels-ambre-impe-rial-eau-de-perfum-for-men-and-women
860,Coach,Coach Platinum,edp,m,2,,,coach-platinum-perfume-eau-de-perfum-for-men
862,Narciso Rodriguez,Narciso Rodriguez Pure Musc For Her,edp,f,2,Narciso Rodriguez For Her Eau de Parfum,,narciso-rodriguez-pure-musc-for-her-100-ml
867,Dior,Dior Joy,edp,f,1,,,dior-joy-perfume-eau-de-perfume-for-women
870,Parfums de Marly,Marly Layton Exclusif Edition Royal,,m,1,Parfums de Marly Layton,,marly-layton-exclusif-edition-royal-75ml
875,Chanel,Chanel Chance Eau Vive,edp,f,1,,,chanel-chance-eau-vive-perfume-eau-de-parfum-for-women
877,Prada,Prada Luna Rossa Black,edp,m,1,,,prada-luna-rossa-black-eau-de-perfum-for-men
881,Mont Blanc,Mont Blanc Legend Night,edp,m,2,,,mont-blanc-legend-night-100-ml
886,Bvlgari,Bvlgari Splendida Magnolia Sensuel,edp,f,2,,,bvlgari-splendida-magnolia-sensuel-100-ml
888,Bvlgari,Bvlgari Splendida Jasmin Noir,edp,f,2,,,bvlgari-splendida-jasmin-noir-100-ml
892,Dolce&Gabbana,Dolce & Gabbana Dolce Garden,edp,f,2,,,dolce-gabbana-dolce-garden-100-ml
894,Boucheron,Boucheron Iris De Syracuse,edp,u,1,,,boucheron-iris-de-syracuse-perfume-eau-de-perfum-for-men-and-women
897,Giorgio Armani,Giorgio Armani Armani Prive Rouge Malachite,edp,u,1,,,giorgio-armani-armani-prive-rouge-malachite-perfume-eau-de-perfum-for-men-and-women
899,Amouage,Amouage Interlude EDP,edp,m,2,,,amouage-interlude-edp-100ml
903,Yves Saint Laurent,Yves Saint Laurent Yvresse,edt,f,1,,,yves-saint-laurent-yvresse-perfume-eau-de-toilette-for-women
907,Burberry,Burberry My Burberry Black,edp,f,3,Burberry My Burberry,,burberry-my-burberry-black-50-ml
909,Dior,Dior Miss Dior Absolutely Blooming,edp,f,1,Dior Miss Dior (2021),,dior-miss-dior-absolutely-blooming-perfume-eau-de-perfum-for-women
914,Elizabeth Arden,Elizabeth Arden Arden Beauty,edp,f,2,,,elizabeth-arden-arden-beauty-100-ml
919,Elie Saab,Elie Saab Girl Of Now,edp,f,3,,,elie-saab-girl-of-now-50ml
938,Chopard,Chopard Musk Malaki,edp,u,1,,,chopard-musk-malaki-perfume-for-men-and-women-eau-de-parfum
939,Narciso Rodriguez,Narciso Rodriguez Narciso Poudree,edp,f,2,Narciso Rodriguez For Her Eau de Parfum,,narciso-rodriguez-narciso-poudree-perfume-for-women-eau-de-parfum-90ml
953,Lorenzo Villoresi Firenze,Lorenzo Villoresi Teint De Neige,edp,u,2,,,lorenzo-villoresi-teint-de-neige-for-women-and-men-eau-de-parfum-100-ml
959,Giorgio Armani,Giorgio Armani Eau De Cèdre,edt,m,1,,,giorgio-armani-eau-de-cedre-perfume-for-men-eau-de-toilette
964,Dior,Dior Forever And Ever,edt,f,2,,,dior-forever-and-ever-perfume-for-women-eau-de-toilette-100-ml
966,Chanel,Chanel Allure Sensuelle EDP,edp,f,2,,,chanel-allure-sensuelle-100-ml
967,Dunhill,Dunhill Icon,edp,m,2,,,dunhill-icon-perfume-for-men-eau-de-parfum-100-ml
975,Dunhill,Dunhill Desire,edt,m,2,,,dunhill-desire-for-men-100-ml
977,Dior,Dior Addict EDT,edt,f,1,,,dior-addict-eau-de-toilette-for-women
985,Yves Saint Laurent,Yves Saint Laurent Cinema,edp,f,2,,,yves-saint-laurent-cinema-90-ml
987,Cacharel,Cacharel Eden,edp,f,2,,,cacharel-eden-50-ml
989,Givenchy,Givenchy Pi,edt,m,1,,,givenchy-pi
999,Chopard,Chopard Happy Spirit,edp,f,1,,,chopard-happy-spirit
1000,Burberry,Burberry London,edp,f,2,,,burberry-london-for-women-100-ml
1006,Aigner,Aigner Starlight,edp,f,2,,,aigner-starlight-100-ml
1008,Calvin Klein,Calvin Klein Eternity Women,edp,f,2,,,calvin-klein-eternity-100-ml
1013,Versace,Versace Pour Homme Oud Noir,edp,m,1,,,versace-pour-homme-oud-noir-eau-de-toilette-for-men
1016,Yves Saint Laurent,Yves Saint Laurent Manifesto,edp,f,1,,,yves-saint-laurent-manifesto
1019,Lacoste,Lacoste Eau De Lacoste L.12.12 Blanc,edt,m,1,,,lacoste-eau-de-lacoste-l-12-12-blanc
1020,Hugo Boss,Hugo Boss Femme By Boss,edp,f,3,,,hugo-boss-femme-by-boss
1021,Elie Saab,Elie Saab Le Parfum Intense,edp,f,1,Elie Saab Le Parfum,,elie-saab-le-parfum-intense
1023,Dior,Dior Pure Poison,edp,f,2,,,dior-pure-poison
1029,Davidoff,Davidoff The Game,edt,m,1,,,davidoff-the-game
1030,Chanel,Chanel Bleu De Chanel EDT,edt,m,2,,,chanel-bleu-dechanel-eau-de-toilette-for-men
1032,Chanel,Chanel Allure Homme,edt,m,1,,,chanel-allure-homme
1034,Chanel,Chanel Chance EDP,edp,f,1,,,chanel-chance-eau-de-parfum-for-women
1038,Calvin Klein,Calvin Klein Euphoria Men Intense,edt,m,2,Calvin Klein Euphoria Men,,calvin-klein-euphoria-men-intense
1073,Cartier,Cartier Pasha Noire,edp,m,1,,,cartier-pasha-noire-100-ml
1078,Burberry,Burberry Body,edp,f,2,,,burberry-body-for-women-eau-de-parfum
